The	O
proposal	O
was	O
approved	O
on	O
December	Date
13	Date
,	Date
1951	Date
,	O
and	O
the	O
study	O
authorized	O
on	O
December	Date
28	Date
,	Date
1951	Date
.	O
There	O
was	O
a	O
thaw	O
on	O
17	Date
December	Date
and	O
a	O
two-day	O
thaw	O
on	O
26	Date
and	Date
27	Date
December	Date
.	O
There	O
would	O
then	O
be	O
a	O
special	O
marathon	O
of	O
seasonal	O
music	O
on	O
Decemberv
24	Date
and	O
Decemberv
25	Date
.	O
The	O
Christmas	O
version	O
,	O
MOL	O
@	O
Christmas	O
,	O
was	O
performed	O
at	O
The	O
MAX	O
Pavilion	O
in	O
December	Date
2005	Date
and	O
December	Date
2006	Date
.	O
The	O
system	O
strengthened	O
into	O
a	O
tropical	O
storm	O
on	O
December	Date
15	Date
,	O
and	O
a	O
typhoon	O
by	O
December	Date
17	Date
.	O
He	O
died	O
on	O
16	Date
December	Date
1882	Date
,	O
and	O
was	O
buried	O
on	O
21	Date
December	Date
in	O
the	O
cathedral	O
grounds	O
.	O
The	O
song	O
held	O
that	O
position	O
for	O
the	O
chart	O
weeks	O
of	O
December	Date
3	Date
and	O
December	Date
10	Date
,	Date
2005	Date
.	O
The	O
25th	Date
of	Date
December	Date
and	O
the	O
26th	Date
of	Date
December	Date
-LRB-	O
Boxing	O
Day	O
-RRB-	O
are	O
public	O
holidays	O
throughout	O
Australia	O
.	O
It	O
was	O
released	O
on	O
December	Date
12	Date
,	Date
2006	Date
in	O
North	O
America	O
and	O
December	Date
20	Date
,	Date
2006	Date
in	O
Australia	O
.	O
The	O
Steelers	O
waived	O
him	O
on	O
December	Date
5	Date
.	O
Cooper	O
was	O
signed	O
by	O
the	O
Seattle	O
Seahawks	O
on	O
December	Date
12	Date
.	O
The	O
Gripsholm	O
was	O
launched	O
and	O
christened	O
on	O
26	Date
November	Date
1924	Date
,	O
and	O
delivered	O
on	O
7	Date
Novemberv
1925	Date
.	O
The	O
first	O
weeks	O
of	O
November	Date
are	O
typically	O
dry	O
and	O
the	O
last	O
week	O
of	O
November	Date
is	O
cold	O
.	O
Team	O
executives	O
learned	O
of	O
the	O
incident	O
on	O
November	Date
8	Date
and	O
informed	O
the	O
NFL	O
on	O
November	Date
16	Date
.	O
From	O
November	Date
1993	Date
to	O
November	Date
1995	Date
,	O
he	O
was	O
the	O
Speaker	O
of	O
the	O
National	O
Assembly	O
of	O
Azerbaijan	O
.	O
He	O
was	O
promoted	O
to	O
colonel	O
in	O
November	Date
1951	Date
.	O
Colonel	O
Walt	O
was	O
ordered	O
to	O
Korea	O
in	O
November	Date
1952	Date
.	O
It	O
was	O
published	O
from	O
November	Date
1955	Date
to	O
November	Date
1958	Date
and	O
released	O
a	O
total	O
of	O
20	O
issues	O
.	O
He	O
was	O
waived	O
on	O
November	Date
3	Date
.	O
Madison	O
was	O
signed	O
by	O
the	O
Indianapolis	O
Colts	O
on	O
November	Date
10	Date
,	Date
2009	Date
.	O
The	O
tournament	O
started	O
on	O
2	Date
November	Date
2006	Date
and	O
the	O
final	O
match	O
was	O
played	O
on	O
5	Date
November	Date
.	O
The	O
Government	O
announced	O
on	O
4	Date
November	Date
2010	Date
that	O
the	O
by-election	O
would	O
be	O
held	O
on	O
25	Date
November	Date
.	O
The	O
film	O
was	O
released	O
in	O
Australia	O
on	O
November	Date
11	Date
,	O
and	O
in	O
Mexico	O
on	O
November	Date
12	Date
,	Date
2010	Date
.	O
-LCB-	O
Citatio	O
The	O
first	O
round	O
was	O
held	O
on	O
18	Date
October	Date
,	O
with	O
the	O
semifinals	O
and	O
final	O
on	O
19	Date
October	Date
.	Date
War	O
was	O
declared	O
at	O
5pm	Date
on	Date
11	Date
October	Date
with	O
the	O
Boers	O
invading	O
on	O
the	O
12	Date
October	Date
.	O
The	O
motion	O
was	O
approved	O
by	O
a	O
magistrate	O
judge	O
on	O
October	Date
10	Date
,	O
and	O
filed	O
on	O
October	Date
11	Date
.	O
The	O
ship	O
set	O
sail	O
on	O
1	Date
October	Date
and	O
arrived	O
at	O
Wakayama	O
,	O
Japan	O
on	O
the	O
7	Date
October	Date
.	O
This	O
article	O
was	O
nominated	O
and	O
deleted	O
on	O
October	Date
28th	Date
and	O
then	O
recreated	O
on	O
October	Date
31st	Date
.	O
.	O
It	O
was	O
released	O
on	O
7	Date
October	Date
2005	Date
in	O
Germany	O
and	O
Norway	O
,	O
and	O
24	Date
October	Date
in	O
Sweden	O
.	O
It	O
started	O
in	O
2006	Date
at	O
the	O
Asbury	O
Park	O
Convention	O
Hall	O
on	O
October	Date
28	Date
and	O
October	Date
29	Date
.	O
It	O
was	O
held	O
in	O
Tokyo	O
and	O
Yokohama	O
in	O
Japan	O
from	O
October	Date
13	Date
to	O
October	Date
23	Date
,	Date
1964	Date
.	O
\*	O
The	O
first	O
congress	O
of	O
the	O
GSEE	O
was	O
convened	O
between	O
October	Date
21	Date
,	O
and	O
October	Date
28	Date
of	Date
1918	Date
.	O
Underwater	O
,	O
it	O
cuts	O
to	O
a	O
scene	O
of	O
the	O
Red	O
October	O
from	O
The	O
Hunt	O
for	O
Red	O
October	O
.	O
The	O
village	O
of	O
Rukajärvi	O
was	O
captured	O
September	Date
11	Date
,	O
and	O
the	O
River	O
Onkajoki	O
was	O
crossed	O
September	Date
15	Date
.	O
It	O
was	O
slated	O
as	O
a	O
Ramzan	O
release	O
on	O
10	Date
September	Date
2010	Date
but	O
delayed	O
to	O
17	Date
September	Date
.	O
In	O
Zambia	O
they	O
breed	O
from	O
Septembe	Date
to	O
June	Date
,	O
but	O
only	O
from	O
September	Date
to	O
January	Date
in	O
Malawi	O
.	O
It	O
was	O
released	O
on	O
September	Date
10	Date
,	Date
2007	Date
in	O
Europe	O
and	O
September	Date
18	Date
in	O
the	O
United	O
States	O
.	O
On	O
September	Date
15	Date
,	Date
1864	Date
,	O
the	O
September	O
Convention	O
was	O
signed	O
by	O
the	O
Italian	O
government	O
and	O
Napoleon	O
III	O
.	O
It	O
was	O
released	O
in	O
North	O
American	O
on	O
September	Date
21	Date
,	Date
1999	Date
and	O
Europe	O
on	O
September	Date
20	Date
,	Date
1999	Date
.	O
The	O
first	O
leg	O
of	O
the	O
round	O
of	O
16	O
was	O
played	O
from	O
September	Date
22	Date
to	O
September	Date
24	Date
.	O
He	O
was	O
promoted	O
to	O
the	O
major	O
leagues	O
as	O
part	O
of	O
September	O
callups	O
on	O
September	Date
7	Date
,	Date
2010	Date
.	O
It	O
was	O
released	O
on	O
September	Date
12	Date
,	Date
2008	Date
in	O
Europe	O
and	O
September	Date
16	Date
,	Date
2008	Date
in	O
North	O
America	O
.	O
The	O
film	O
was	O
released	O
internationally	O
on	O
21	Date
September	Date
and	O
22	Date
September	Date
2009	Date
at	O
the	O
``	O
Global	O
Premiere	O
''	O
.	O
He	O
was	O
confirmed	O
by	O
the	O
Senate	O
on	O
August	Date
22	Date
,	O
and	O
received	O
his	O
commission	O
on	O
August	Date
27	Date
.	O
She	O
was	O
laid	O
down	O
there	O
on	O
27	Date
August	Date
that	O
year	O
and	O
launched	O
on	O
5	Date
August	Date
1845	Date
.	O
It	O
was	O
selected	O
as	O
Triple	O
J	O
's	O
`	O
album	O
of	O
the	O
week	O
'	O
-LRB-	O
August	Date
8	Date
to	O
August	Date
15	Date
,	Date
2003	Date
-RRB-	O
.	O
The	O
writ	O
for	O
the	O
by-election	O
was	O
issued	O
4	Date
August	Date
,	O
with	O
the	O
rolls	O
closing	O
on	O
8	Date
August	Date
.	O
The	O
first	O
ship	O
,	O
Stratford	O
,	O
was	O
commissioned	O
in	O
August	Date
1941	Date
and	O
the	O
second	O
,	O
Gemini	O
,	O
in	O
August	Date
1942	Date
.	O
The	O
film	O
was	O
released	O
on	O
Augustv
3	Date
or	O
August	Date
10	Date
,	Date
1962	Date
by	O
F.	O
&	O
Y.	O
Movies	O
.	O
After	O
the	O
Liberation	O
of	O
Paris	O
in	O
August	Date
,	O
the	O
GPRF	O
installed	O
itself	O
in	O
Paris	O
on	O
31	Date
August	Date
.	O
August	O
Becker	O
was	O
born	O
on	O
17	Date
August	Date
1900	Date
in	O
Staufenberg	O
in	O
the	O
German	O
state	O
of	O
Hesse	O
.	O
He	O
was	O
released	O
on	O
August	Date
8	Date
.	O
Wilbur	O
was	O
signed	O
by	O
the	O
Jacksonville	O
Jaguars	O
on	O
August	Date
8	Date
,	Date
2007	Date
.	O
The	O
album	O
will	O
be	O
released	O
on	O
August	Date
30	Date
,	Date
2010	Date
in	O
UK	O
and	O
August	Date
31	Date
,	Date
2010	Date
worldwide	O
.	O
The	O
Smales	O
find	O
themselves	O
dependent	O
on	O
July	O
,	O
and	O
July	O
's	O
family	O
questions	O
their	O
presence	O
in	O
the	O
village	O
.	O
The	O
dates	O
of	O
the	O
event	O
were	O
from	O
July	Date
15	Date
to	O
July	Date
17	Date
at	O
the	O
Hotel	O
Palliser	O
.	O
In	O
2005	Date
London	O
was	O
the	O
target	O
of	O
two	O
attacks	O
on	O
the	O
7	Date
July	Date
and	O
21	Date
July	Date
.	O
Queenborough	O
paid	O
off	O
in	O
July	Date
1963	Date
but	O
was	O
recommissioned	O
as	O
a	O
training	O
ship	O
in	O
July	Date
1966	Date
.	O
The	O
fire	O
disintegrated	O
in	O
the	O
central	O
portion	O
on	O
July	Date
29	Date
and	O
finally	O
ended	O
on	O
July	Date
20	Date
.	O
It	O
was	O
recorded	O
on	O
July	Date
14	Date
and	O
July	Date
21	Date
,	Date
1956	Date
at	O
Peacock	O
Alley	O
in	O
St.	O
Louis	O
.	O
Sold	O
at	O
public	O
auction	O
there	O
on	O
12	Date
July	Date
,	O
she	O
was	O
redocumented	O
as	O
Rescue	O
on	O
31	Date
July	Date
.	O
This	O
happened	O
on	O
July	Date
1	Date
,	Date
2009	Date
,	O
and	O
again	O
on	O
the	O
2nd	Date
,	Date
3rd	Date
,	Date
6th	Date
and	Date
7	Date
July	Date
.	O
He	O
performed	O
at	O
the	O
concert	O
on	O
July	Date
7	Date
and	O
gave	O
on	O
July	Date
9	Date
an	O
own	O
concert	O
.	O
It	O
was	O
founded	O
in	O
2000	Date
.	O
The	O
2009	O
Festival	O
will	O
be	O
held	O
from	O
July	Date
22	Date
to	O
July	Date
25th	Date
.	O
Negotiations	O
resumed	O
in	O
Denver	O
on	O
June	Date
2	Date
,	O
and	O
the	O
parties	O
reached	O
an	O
agreement	O
on	O
June	Date
4	Date
.	O
June	O
R	O
-LRB-	O
Jyothika	O
-RRB-	O
,	O
an	O
orphan	O
,	O
was	O
born	O
on	O
the	O
month	O
of	O
June	Date
,	O
and	O
hence	O
that	O
name	O
.	O
It	O
was	O
opened	O
on	O
2	Date
June	Date
1845	Date
and	O
closed	O
to	O
passenger	O
traffic	O
on	O
6	Date
June	Date
1966	Date
.	O
The	O
game	O
started	O
on	O
June	Date
19	Date
but	O
was	O
delayed	O
by	O
weather	O
and	O
completed	O
on	O
June	Date
20	Date
.	O
This	O
video	O
was	O
premiered	O
on	O
MTV2	O
on	O
June	Date
18	Date
,	Date
2007	Date
and	O
BET	O
on	O
June	Date
19	Date
,	Date
2007	Date
.	O
On	O
June	Date
6	Date
,	Date
2002	Date
,	O
he	O
was	O
released	O
and	O
on	O
June	Date
18	Date
signed	O
with	O
the	O
Baltimore	O
Orioles	O
.	O
The	O
convention	O
lasted	O
for	O
4	O
days	O
,	O
from	O
the	O
1st	Date
of	Date
June	Date
to	O
the	O
4th	Date
of	Date
June	Date
2010	Date
.	O
It	O
will	O
be	O
held	O
from	O
1	Date
June	Date
to	O
7	Date
June	Date
2008	Date
in	O
the	O
Canton	O
Graubünden	O
Switzerland	O
.	O
The	O
video	O
was	O
released	O
on	O
June	Date
1	Date
and	O
the	O
song	O
appear	O
on	O
radios	O
on	O
June	Date
29	Date
.	O
The	O
second	O
Jo	O
Beckett	O
escapade	O
was	O
published	O
in	O
June	Date
2009	Date
,	O
and	O
the	O
third	O
in	O
June	Date
The	O
75th	O
was	O
deactivated	O
in	O
May	Date
1944	Date
.	O
The	O
75th	O
was	O
reactivated	O
as	O
a	O
wing	O
in	O
May	Date
1966	Date
.	O
As	O
the	O
latter	O
,	O
it	O
may	O
refer	O
to	O
:	O
The	O
handling	O
of	O
this	O
chemical	O
may	O
incur	O
notable	O
safety	O
precautions	O
.	O
An	O
uncountable	O
collection	O
of	O
subsets	O
of	O
a	O
topological	O
space	O
may	O
or	O
may	O
not	O
be	O
locally	O
finite	O
.2	O
.	O
The	O
demo	O
was	O
released	O
on	O
Xbox	O
Live	O
on	O
May	Date
5	Date
and	O
PlayStation	O
Network	O
on	O
May	Date
8	Date
.	O
Depending	O
on	O
the	O
severity	O
of	O
the	O
injury	O
,	O
splinting	O
may	O
be	O
necessary	O
or	O
it	O
may	O
be	O
counterproductive	O
.	O
A	O
new	O
launch	O
date	O
was	O
set	O
for	O
May	Date
19	Date
with	O
May	Date
20	Date
as	O
a	O
backup	O
date	O
.	O
An	O
external	O
varix	O
may	O
be	O
present	O
or	O
absent	O
,	O
a	O
siphonal	O
notch	O
may	O
be	O
present	O
or	O
absent	O
.	O
From	O
May	Date
2000	Date
to	O
May	Date
2001	Date
,	O
Preetu	O
was	O
a	O
trainee	O
reporter	O
for	O
The	O
Times	O
of	O
India	O
.	O
This	O
fee	O
may	O
be	O
made	O
in	O
payments	O
and	O
may	O
be	O
waived	O
for	O
families	O
with	O
financial	O
limitations	O
.	O
This	O
may	O
or	O
may	O
not	O
be	O
an	O
indication	O
that	O
all	O
of	O
the	O
data	O
has	O
been	O
received	O
.	O
They	O
were	O
begun	O
on	O
8	Date
April	Date
and	O
continued	O
on	O
9	Date
April	Date
,	Date
10	Date
April	Date
,	Date
and	O
11	Date
April	Date
.	O
Similar	O
to	O
GamePro	O
's	O
LamePro	O
,	O
it	O
's	O
released	O
only	O
in	O
the	O
April	Date
issue	O
,	O
as	O
an	O
April	O
Fool	O
's	O
joke	O
.	O
The	O
album	O
hit	O
the	O
shops	O
on	O
16	Date
April	Date
2007	Date
in	O
Europe	O
and	O
April	Date
24	Date
in	O
USA	O
.	O
Launched	O
on	O
13	Date
April	Date
,	O
she	O
was	O
recommissioned	O
on	O
17	Date
April	Date
and	O
assigned	O
to	O
the	O
Asiatic	O
Fleet	O
.	O
The	O
landing	O
was	O
unopposed	O
and	O
a	O
beachhead	O
was	O
established	O
,	O
between	O
1	Date
April	Date
to	O
3	Date
April	Date
1945	Date
.	O
Boyle	O
was	O
indicted	O
on	O
three	O
counts	O
of	O
murder	O
in	O
April	Date
1973	Date
and	O
convicted	O
in	O
April	Date
1974	Date
.	O
The	O
First	O
Republic	O
was	O
overthrown	O
by	O
widespread	O
protests	O
known	O
as	O
the	O
``	O
April	O
Revolution	O
''	O
in	O
April	Date
1960	Date
.	O
It	O
then	O
sailed	O
for	O
Southampton	O
,	O
England	O
on	O
27	Date
April	Date
and	O
arrived	O
at	O
9am	Date
on	Date
29	Date
April	Date
.	O
The	O
race	O
takes	O
place	O
near	O
the	O
end	O
of	O
April	Date
,	O
the	O
2006	O
race	O
was	O
on	O
22	Date
April	Date
.	O
The	O
campaign	O
for	O
the	O
election	O
began	O
on	O
April	Date
8	Date
and	O
continued	O
until	O
midnight	Date
on	Date
April	Date
27	Date
.	O
It	O
was	O
transmitted	O
to	O
the	O
senate	O
on	O
March	Date
28	Date
,	Date
2000	Date
and	O
received	O
on	O
March	Date
31	Date
,	Date
2009	Date
.	O
The	O
historic	O
building	O
was	O
reopened	O
in	O
March	Date
2007	Date
,	O
and	O
rededicated	O
for	O
use	O
on	O
March	Date
31	Date
,	Date
2007	Date
.	O
The	O
ship	O
sailed	O
on	O
12	Date
March	Date
for	O
Rona	O
,	O
anchoring	O
in	O
the	O
Little	O
Minch	O
on	O
13	Date
March	Date
.	O
The	O
airline	O
was	O
established	O
in	O
March	Date
1969	Date
by	O
Safmarine	O
and	O
started	O
operations	O
on	O
18	Date
March	Date
1970	Date
.	O
On	O
March	Date
5	Date
and	Date
6	Date
,	O
most	O
of	O
the	O
Pensacola	O
garrison	O
left	O
on	O
a	O
march	O
toward	O
Mobile	O
.	O
The	O
march	O
March	O
Shulkawi	O
No	O
1	O
,	O
is	O
an	O
example	O
,	O
set	O
to	O
the	O
sounds	O
of	O
the	O
Shilluk	O
.	O
This	O
led	O
to	O
Roosevelt	O
's	O
letter	O
to	O
Stalin	O
on	O
March	Date
25	Date
and	O
Stalin	O
's	O
reply	O
on	O
March	Date
29	Date
.	O
It	O
was	O
expected	O
to	O
be	O
released	O
on	O
March	Date
4	Date
,	O
but	O
was	O
pushed	O
back	O
to	O
March	Date
31	Date
.	O
On	O
Sunday	Date
,	Date
March	Date
7	Date
,	Date
1965	Date
,	O
Sheyann	O
was	O
the	O
youngest	O
person	O
to	O
attempt	O
to	O
march	O
to	O
Montgomery	O
.	O
In	O
2010	Date
,	O
they	O
will	O
be	O
held	O
in	O
The	O
Hague	O
,	O
Netherlands	O
from	O
8	Date
March	Date
to	O
14	Date
March	Date
.	O
Blackville	O
,	O
S.C.	O
,	O
February	Date
7	Date
.	O
Near	O
White	O
Post	O
February	Date
8	Date
.	O
Williston	O
February	Date
8	Date
.	O
Johnson	O
's	O
Station	O
,	O
February	Date
11	Date
.	O
By	O
February	Date
they	O
had	O
pleaded	O
guilty	O
,	O
and	O
on	O
February	Date
16	Date
,	Date
1958	Date
their	O
parliamentary	O
immunity	O
was	O
revoked	O
.	O
The	O
film	O
was	O
released	O
on	O
February	Date
14	Date
,	Date
2008	Date
and	O
a	O
soundtrack	O
was	O
released	O
on	O
February	Date
19	Date
.	O
The	O
slalom	O
was	O
held	O
on	O
17	Date
February	Date
and	O
the	O
downhill	O
portion	O
was	O
on	O
Saturday	Date
,	Date
18	Date
February	Date
.	O
It	O
was	O
released	O
in	O
North	O
America	O
on	O
February	Date
20	Date
,	Date
2007	Date
,	O
and	O
worldwide	O
by	O
February	Date
23	Date
,	Date
2007	Date
.	O
Kilcoursie	O
stood	O
unsuccessfully	O
for	O
parliament	O
at	O
Taunton	O
in	O
February	Date
1882	Date
and	O
at	O
Somerset	O
in	O
February	Date
1884	Date
.	O
Sculptor	O
arrived	O
at	O
Baltimore	O
,	O
Maryland	O
,	O
on	O
21	Date
February	Date
1946	Date
and	O
was	O
decommissioned	O
there	O
on	O
26	Date
February	Date
.	O
It	O
was	O
released	O
on	O
February	Date
10	Date
,	Date
2009	Date
in	O
North	O
America	O
and	O
February	Date
13	Date
,	Date
2009	Date
in	O
Europe	O
.	O
He	O
took	O
office	O
on	O
the	O
18	Date
February	Date
with	O
a	O
new	O
cabinet	O
named	O
on	O
the	O
26	Date
February	Date
.	O
It	O
was	O
released	O
on	O
February	Date
24	Date
,	Date
2009	Date
,	O
but	O
was	O
leaked	O
onto	O
the	O
internet	O
on	O
February	Date
18	Date
.	O
Cervaro	O
was	O
taken	O
on	O
January	Date
12	Date
and	O
the	O
overlooking	O
hills	O
to	O
the	O
north	O
on	O
January	Date
13	Date
.	O
He	O
was	O
confirmed	O
on	O
January	Date
25	Date
,	Date
1938	Date
,	O
and	O
seated	O
as	O
an	O
Associate	O
Justice	O
on	O
January	Date
31	Date
.	O
They	O
reached	O
Brisbane	O
on	O
17	Date
January	Date
1901	Date
and	O
the	O
regiment	O
was	O
disbanded	O
there	O
on	O
23	Date
January	Date
.	O
The	O
forward	O
price	O
for	O
January	Date
will	O
reflect	O
the	O
market	O
's	O
expectations	O
of	O
supply	O
and	O
demand	O
in	O
January	Date
.	O
It	O
peaked	O
at	O
number	O
seven	O
on	O
January	Date
15	Date
and	O
January	Date
22	Date
,	O
and	O
charted	O
for	O
12	O
weeks	O
.	O
It	O
usually	O
ends	O
in	O
the	O
second	O
week	O
of	O
January	Date
-LRB-	O
January	Date
6	Date
is	O
also	O
a	O
public	O
holiday	O
-RRB-	O
.	O
The	O
music	O
was	O
released	O
on	O
9	Date
January	Date
2008	Date
and	O
the	O
CDs	O
were	O
out	O
by	O
18	Date
January	Date
.	O
Young	O
underwent	O
a	O
medical	O
on	O
21	Date
January	Date
and	O
the	O
signing	O
was	O
confirmed	O
on	O
23	Date
January	Date
2007	Date
.	O
Robotix	O
2011	Date
will	O
be	O
held	O
from	O
the	O
27th	Date
of	Date
January	Date
to	O
the	O
30th	Date
of	Date
January	Date
,	Date
2011	Date
.	O
28	Date
January	Date
1771	Date
--	O
29	Date
January	Date
1840	Date
-RRB-	O
was	O
a	O
pioneer	O
merchant	O
and	O
a	O
magistrate	O
in	O
Australia	O
.	O
